sequence_id,motif,start,end,score
training_promoter_01,CAAAA,83,88,5.0
training_promoter_01,CAAAA,135,140,5.0
training_promoter_01,CAAAA,145,150,5.0
training_promoter_01,TTTAT,28,33,5.0
training_promoter_02,CAAAA,29,34,5.0
training_promoter_02,ATTTT,19,24,5.0
training_promoter_02,ATTTT,44,49,5.0
training_promoter_02,ATTTT,143,148,5.0
training_promoter_02,TTAAA,133,138,5.0
training_promoter_02,TTAAA,139,144,5.0
training_promoter_02,TTAAA,156,161,5.0
training_promoter_02,TTTAT,21,26,5.0
training_promoter_03,CAAAA,21,26,5.0
training_promoter_03,ATTTT,129,134,5.0
training_promoter_03,TTAAA,54,59,5.0
training_promoter_03,TTAAA,65,70,5.0
training_promoter_03,TTAAA,75,80,5.0
training_promoter_03,TTAAA,99,104,5.0
training_promoter_03,TTAAA,135,140,5.0
training_promoter_03,TTTAT,131,136,5.0
training_promoter_05,CAAAA,5,10,5.0
training_promoter_05,ATTTT,149,154,5.0
training_promoter_05,TTAAA,34,39,5.0
training_promoter_05,TTTAT,68,73,5.0
training_promoter_06,CAAAA,1,6,5.0
training_promoter_06,CAAAA,61,66,5.0
training_promoter_06,ATTTT,146,151,5.0
training_promoter_07,CAAAA,74,79,5.0
training_promoter_07,ATTTT,7,12,5.0
training_promoter_07,ATTTT,87,92,5.0
training_promoter_07,TTAAA,120,125,5.0
training_promoter_07,TTAAA,130,135,5.0
training_promoter_07,TTAAA,157,162,5.0
training_promoter_08,CAAAA,2,7,5.0
training_promoter_08,ATTTT,7,12,5.0
training_promoter_08,ATTTT,43,48,5.0
training_promoter_08,ATTTT,74,79,5.0
training_promoter_08,TTAAA,10,15,5.0
training_promoter_09,CAAAA,82,87,5.0
training_promoter_09,CTATT,39,44,5.0
training_promoter_09,TTAAA,64,69,5.0
training_promoter_10,ATTTT,121,126,5.0
training_promoter_10,ATTTT,147,152,5.0
training_promoter_10,TTAAA,124,129,5.0
training_promoter_10,TTAAA,138,143,5.0
training_promoter_10,TTTAT,130,135,5.0
training_promoter_11,CAAAA,143,148,5.0
training_promoter_11,TTAAA,10,15,5.0
training_promoter_11,TTAAA,111,116,5.0
training_promoter_11,TTTAT,6,11,5.0
training_promoter_11,TTTAT,59,64,5.0
training_promoter_11,TTTAT,70,75,5.0
training_promoter_11,TTTAT,117,122,5.0
training_promoter_11,TTTAT,129,134,5.0
training_promoter_12,ATTTT,65,70,5.0
training_promoter_12,TTTAT,67,72,5.0
training_promoter_13,CAAAA,50,55,5.0
training_promoter_13,CAAAA,89,94,5.0
training_promoter_13,CAAAA,94,99,5.0
training_promoter_13,TTTAT,106,111,5.0
training_promoter_14,CAAAA,159,164,5.0
training_promoter_14,TTAAA,144,149,5.0
training_promoter_14,TTTAT,130,135,5.0
training_promoter_15,ATTTT,79,84,5.0
training_promoter_15,TTAAA,71,76,5.0
training_promoter_16,CTATT,94,99,5.0
training_promoter_16,ATTTT,144,149,5.0
training_promoter_16,TTAAA,18,23,5.0
training_promoter_16,TTAAA,136,141,5.0
training_promoter_17,ATTTT,26,31,5.0
training_promoter_17,ATTTT,70,75,5.0
training_promoter_17,ATTTT,120,125,5.0
training_promoter_17,TTAAA,53,58,5.0
training_promoter_17,TTAAA,136,141,5.0
training_promoter_17,TTTAT,76,81,5.0
training_promoter_18,CTATT,83,88,5.0
training_promoter_18,ATTTT,21,26,5.0
training_promoter_18,ATTTT,47,52,5.0
training_promoter_18,ATTTT,121,126,5.0
training_promoter_18,TTAAA,12,17,5.0
training_promoter_18,TTAAA,26,31,5.0
training_promoter_18,TTAAA,87,92,5.0
training_promoter_19,CAAAA,154,159,5.0
training_promoter_19,ATTTT,28,33,5.0
training_promoter_20,CAAAA,43,48,5.0
training_promoter_20,ATTTT,76,81,5.0
training_promoter_21,ATTTT,54,59,5.0
training_promoter_21,TTAAA,82,87,5.0
training_promoter_21,TTAAA,105,110,5.0
training_promoter_21,TTTAT,63,68,5.0
training_promoter_22,ATTTT,54,59,5.0
training_promoter_22,TTAAA,16,21,5.0
training_promoter_22,TTTAT,7,12,5.0
training_promoter_22,TTTAT,11,16,5.0
training_promoter_22,TTTAT,51,56,5.0
training_promoter_23,CAAAA,110,115,5.0
training_promoter_23,ATTTT,0,5,5.0
training_promoter_24,ATTTT,111,116,5.0
training_promoter_24,TTTAT,123,128,5.0
training_promoter_24,TTTAT,137,142,5.0
training_promoter_24,TTTAT,145,150,5.0
training_promoter_24,TTTAT,151,156,5.0
training_promoter_24,TTTAT,155,160,5.0
training_promoter_24,TTTAT,159,164,5.0
training_promoter_25,CTATT,8,13,5.0
training_promoter_25,ATTTT,45,50,5.0
training_promoter_25,ATTTT,134,139,5.0
training_promoter_25,TTAAA,15,20,5.0
training_promoter_25,TTAAA,63,68,5.0
training_promoter_25,TTAAA,85,90,5.0
training_promoter_25,TTTAT,131,136,5.0
training_promoter_25,TTTAT,137,142,5.0
training_promoter_26,TTAAA,10,15,5.0
training_promoter_27,CAAAA,90,95,5.0
training_promoter_28,TTAAA,10,15,5.0
training_promoter_28,TTTAT,4,9,5.0
training_promoter_29,CAAAA,34,39,5.0
training_promoter_29,CAAAA,54,59,5.0
training_promoter_29,CAAAA,133,138,5.0
training_promoter_30,ATTTT,58,63,5.0
training_promoter_30,ATTTT,85,90,5.0
training_promoter_30,TTTAT,29,34,5.0
training_promoter_30,TTTAT,55,60,5.0
training_promoter_30,TTTAT,61,66,5.0
training_promoter_31,CTATT,40,45,5.0
training_promoter_31,ATTTT,106,111,5.0
training_promoter_31,TTAAA,137,142,5.0
training_promoter_32,CAAAA,54,59,5.0
training_promoter_32,ATTTT,14,19,5.0
training_promoter_32,ATTTT,110,115,5.0
training_promoter_32,ATTTT,137,142,5.0
training_promoter_32,TTAAA,17,22,5.0
training_promoter_33,CTATT,41,46,5.0
training_promoter_33,CTATT,102,107,5.0
training_promoter_33,ATTTT,25,30,5.0
training_promoter_33,ATTTT,66,71,5.0
training_promoter_33,ATTTT,89,94,5.0
training_promoter_33,ATTTT,111,116,5.0
training_promoter_33,ATTTT,148,153,5.0
training_promoter_33,TTAAA,29,34,5.0
training_promoter_33,TTAAA,69,74,5.0
training_promoter_33,TTAAA,105,110,5.0
training_promoter_33,TTAAA,114,119,5.0
training_promoter_33,TTAAA,152,157,5.0
training_promoter_33,TTTAT,10,15,5.0
training_promoter_33,TTTAT,91,96,5.0
training_promoter_33,TTTAT,129,134,5.0
training_promoter_33,TTTAT,145,150,5.0
training_promoter_34,CAAAA,70,75,5.0
training_promoter_34,CAAAA,100,105,5.0
training_promoter_34,CTATT,56,61,5.0
training_promoter_34,ATTTT,30,35,5.0
training_promoter_34,ATTTT,154,159,5.0
training_promoter_34,TTAAA,2,7,5.0
training_promoter_34,TTAAA,33,38,5.0
training_promoter_34,TTTAT,27,32,5.0
training_promoter_34,TTTAT,118,123,5.0
training_promoter_35,CAAAA,42,47,5.0
training_promoter_35,CTATT,33,38,5.0
training_promoter_35,TTAAA,18,23,5.0
training_promoter_35,TTAAA,79,84,5.0
training_promoter_36,TTAAA,24,29,5.0
training_promoter_36,TTAAA,98,103,5.0
training_promoter_36,TTAAA,154,159,5.0
training_promoter_37,CAAAA,7,12,5.0
training_promoter_37,CAAAA,127,132,5.0
training_promoter_37,CTATT,147,152,5.0
training_promoter_37,ATTTT,105,110,5.0
training_promoter_38,TTAAA,58,63,5.0
training_promoter_38,TTAAA,149,154,5.0
training_promoter_39,ATTTT,47,52,5.0
training_promoter_39,ATTTT,99,104,5.0
training_promoter_39,TTTAT,148,153,5.0
training_promoter_40,TTAAA,84,89,5.0
training_promoter_40,TTTAT,100,105,5.0
